{
  "__type__": "cc.SpriteFrame",
  "content": {
    "name": "5ef351b1-0f9f-430b-acba-af2e274a2417",
    "atlas": "",
    "rect": {
      "x": 0,
      "y": 1,
      "width": 402,
      "height": 716
    },
    "offset": {
      "x": 0,
      "y": 0.5
    },
    "originalSize": {
      "width": 402,
      "height": 719
    },
    "rotated": false,
    "capInsets": [
      0,
      0,
      0,
      0
    ],
    "vertices": {
      "rawPosition": [
        -201,
        -358,
        0,
        201,
        -358,
        0,
        -201,
        358,
        0,
        201,
        358,
        0
      ],
      "indexes": [
        0,
        1,
        2,
        2,
        1,
        3
      ],
      "uv": [
        0,
        718,
        402,
        718,
        0,
        2,
        402,
        2
      ],
      "nuv": [
        0,
        0.0027816411682892906,
        1,
        0.0027816411682892906,
        0,
        0.9986091794158554,
        1,
        0.9986091794158554
      ],
      "minPos": {
        "x": -201,
        "y": -358,
        "z": 0
      },
      "maxPos": {
        "x": 201,
        "y": 358,
        "z": 0
      }
    },
    "texture": "bfa9c4c9-9403-4c6e-8290-c2312b60c0bb@6c48a",
    "packable": true,
    "pixelsToUnit": 100,
    "pivot": {
      "x": 0.5,
      "y": 0.5
    },
    "meshType": 0
  }
}