{
  "__type__": "cc.SpriteFrame",
  "content": {
    "name": "activeButton",
    "atlas": "",
    "rect": {
      "x": 7,
      "y": 7,
      "width": 1036,
      "height": 1036
    },
    "offset": {
      "x": -5,
      "y": 5
    },
    "originalSize": {
      "width": 1060,
      "height": 1060
    },
    "rotated": false,
    "capInsets": [
      0,
      0,
      0,
      0
    ],
    "vertices": {
      "rawPosition": [
        -518,
        -518,
        0,
        518,
        -518,
        0,
        -518,
        518,
        0,
        518,
        518,
        0
      ],
      "indexes": [
        0,
        1,
        2,
        2,
        1,
        3
      ],
      "uv": [
        7,
        1053,
        1043,
        1053,
        7,
        17,
        1043,
        17
      ],
      "nuv": [
        0.006603773584905661,
        0.016037735849056604,
        0.9839622641509433,
        0.016037735849056604,
        0.006603773584905661,
        0.9933962264150943,
        0.9839622641509433,
        0.9933962264150943
      ],
      "minPos": {
        "x": -518,
        "y": -518,
        "z": 0
      },
      "maxPos": {
        "x": 518,
        "y": 518,
        "z": 0
      }
    },
    "texture": "d8f771e4-c31c-4c3a-ad9b-542d7bdd32bc@6c48a",
    "packable": true,
    "pixelsToUnit": 100,
    "pivot": {
      "x": 0.5,
      "y": 0.5
    },
    "meshType": 0
  }
}