{
  "__type__": "cc.SpriteFrame",
  "content": {
    "name": "all",
    "atlas": "",
    "rect": {
      "x": 2,
      "y": 47,
      "width": 2045,
      "height": 2000
    },
    "offset": {
      "x": 0.5,
      "y": -23
    },
    "originalSize": {
      "width": 2048,
      "height": 2048
    },
    "rotated": false,
    "capInsets": [
      0,
      0,
      0,
      0
    ],
    "vertices": {
      "rawPosition": [
        -1022.5,
        -1000,
        0,
        1022.5,
        -1000,
        0,
        -1022.5,
        1000,
        0,
        1022.5,
        1000,
        0
      ],
      "indexes": [
        0,
        1,
        2,
        2,
        1,
        3
      ],
      "uv": [
        2,
        2001,
        2047,
        2001,
        2,
        1,
        2047,
        1
      ],
      "nuv": [
        0.0009765625,
        0.00048828125,
        0.99951171875,
        0.00048828125,
        0.0009765625,
        0.97705078125,
        0.99951171875,
        0.97705078125
      ],
      "minPos": {
        "x": -1022.5,
        "y": -1000,
        "z": 0
      },
      "maxPos": {
        "x": 1022.5,
        "y": 1000,
        "z": 0
      }
    },
    "texture": "fe503c87-afe0-4463-bc30-ef5f60ec1aae@6c48a",
    "packable": true,
    "pixelsToUnit": 100,
    "pivot": {
      "x": 0.5,
      "y": 0.5
    },
    "meshType": 0
  }
}